[{"model": "admin.logentry", "pk": 1, "fields": {"action_time": "2023-07-31T14:04:29.551Z", "user": 1, "content_type": 6, "object_id": "1", "object_repr": "GE Vivid S6 Cardiac Ultrasound", "action_flag": 1, "change_message": "[{\"added\": {}}]"}}, {"model": "admin.logentry", "pk": 2, "fields": {"action_time": "2023-07-31T14:04:47.007Z", "user": 1, "content_type": 7, "object_id": "1", "object_repr": "GE Vivid S6 Cardiac Ultrasound", "action_flag": 1, "change_message": "[{\"added\": {}}]"}}, {"model": "admin.logentry", "pk": 3, "fields": {"action_time": "2023-07-31T14:04:55.115Z", "user": 1, "content_type": 7, "object_id": "2", "object_repr": "GE Vivid S6 Cardiac Ultrasound", "action_flag": 1, "change_message": "[{\"added\": {}}]"}}, {"model": "admin.logentry", "pk": 4, "fields": {"action_time": "2023-07-31T14:05:04.034Z", "user": 1, "content_type": 7, "object_id": "3", "object_repr": "GE Vivid S6 Cardiac Ultrasound", "action_flag": 1, "change_message": "[{\"added\": {}}]"}}, {"model": "admin.logentry", "pk": 5, "fields": {"action_time": "2023-07-31T14:05:11.015Z", "user": 1, "content_type": 7, "object_id": "4", "object_repr": "GE Vivid S6 Cardiac Ultrasound", "action_flag": 1, "change_message": "[{\"added\": {}}]"}}, {"model": "admin.logentry", "pk": 6, "fields": {"action_time": "2023-07-31T14:05:17.565Z", "user": 1, "content_type": 7, "object_id": "5", "object_repr": "GE Vivid S6 Cardiac Ultrasound", "action_flag": 1, "change_message": "[{\"added\": {}}]"}}, {"model": "admin.logentry", "pk": 7, "fields": {"action_time": "2023-07-31T14:05:24.861Z", "user": 1, "content_type": 7, "object_id": "6", "object_repr": "GE Vivid S6 Cardiac Ultrasound", "action_flag": 1, "change_message": "[{\"added\": {}}]"}}, {"model": "admin.logentry", "pk": 8, "fields": {"action_time": "2023-07-31T14:05:31.148Z", "user": 1, "content_type": 7, "object_id": "7", "object_repr": "GE Vivid S6 Cardiac Ultrasound", "action_flag": 1, "change_message": "[{\"added\": {}}]"}}, {"model": "admin.logentry", "pk": 9, "fields": {"action_time": "2023-07-31T15:59:58.035Z", "user": 1, "content_type": 6, "object_id": "1", "object_repr": "GE Vivid S6 Cardiac Ultrasound", "action_flag": 2, "change_message": "[{\"changed\": {\"fields\": [\"Is featured\"]}}]"}}, {"model": "admin.logentry", "pk": 10, "fields": {"action_time": "2023-08-01T09:31:20.690Z", "user": 1, "content_type": 6, "object_id": "1", "object_repr": "GE Vivid S6 Cardiac Ultrasound", "action_flag": 2, "change_message": "[]"}}, {"model": "admin.logentry", "pk": 11, "fields": {"action_time": "2023-08-01T11:36:11.578Z", "user": 1, "content_type": 9, "object_id": "1", "object_repr": "Admin Admin, admin@admin.com", "action_flag": 2, "change_message": "[{\"changed\": {\"fields\": [\"Full name\", \"Country\"]}}]"}}, {"model": "admin.logentry", "pk": 12, "fields": {"action_time": "2023-08-01T14:21:34.105Z", "user": 1, "content_type": 10, "object_id": "1", "object_repr": "2023-08-01 14:21:34.102129+00:00", "action_flag": 1, "change_message": "[{\"added\": {}}]"}}, {"model": "admin.logentry", "pk": 13, "fields": {"action_time": "2023-08-01T14:21:47.947Z", "user": 1, "content_type": 11, "object_id": "1", "object_repr": "1", "action_flag": 1, "change_message": "[{\"added\": {}}]"}}, {"model": "admin.logentry", "pk": 14, "fields": {"action_time": "2023-08-01T14:24:38.840Z", "user": 1, "content_type": 10, "object_id": "2", "object_repr": "2023-08-01 14:24:38.836760+00:00", "action_flag": 1, "change_message": "[{\"added\": {}}]"}}, {"model": "admin.logentry", "pk": 15, "fields": {"action_time": "2023-08-01T14:26:14.902Z", "user": 1, "content_type": 10, "object_id": "2", "object_repr": "2023-08-01 14:24:38.836760+00:00", "action_flag": 2, "change_message": "[]"}}, {"model": "admin.logentry", "pk": 16, "fields": {"action_time": "2023-08-01T14:26:37.008Z", "user": 1, "content_type": 10, "object_id": "2", "object_repr": "2023-08-01 14:24:38.836760+00:00", "action_flag": 3, "change_message": ""}}, {"model": "admin.logentry", "pk": 17, "fields": {"action_time": "2023-08-01T14:26:57.107Z", "user": 1, "content_type": 10, "object_id": "3", "object_repr": "2023-08-01 14:26:57.104804+00:00", "action_flag": 1, "change_message": "[{\"added\": {}}]"}}, {"model": "admin.logentry", "pk": 18, "fields": {"action_time": "2023-08-01T14:27:42.843Z", "user": 1, "content_type": 10, "object_id": "3", "object_repr": "2023-08-01 14:26:57.104804+00:00", "action_flag": 2, "change_message": "[]"}}, {"model": "admin.logentry", "pk": 19, "fields": {"action_time": "2023-08-01T14:27:56.627Z", "user": 1, "content_type": 11, "object_id": "2", "object_repr": "2", "action_flag": 1, "change_message": "[{\"added\": {}}]"}}, {"model": "admin.logentry", "pk": 20, "fields": {"action_time": "2023-08-01T16:11:46.267Z", "user": 1, "content_type": 7, "object_id": "11", "object_repr": "second", "action_flag": 2, "change_message": "[{\"changed\": {\"fields\": [\"Is top\"]}}]"}}, {"model": "admin.logentry", "pk": 21, "fields": {"action_time": "2023-08-01T21:35:53.662Z", "user": 1, "content_type": 10, "object_id": "4", "object_repr": "2023-08-01 19:28:39.627193+00:00", "action_flag": 2, "change_message": "[{\"changed\": {\"fields\": [\"Slug\"]}}]"}}, {"model": "admin.logentry", "pk": 22, "fields": {"action_time": "2023-08-01T21:36:04.426Z", "user": 1, "content_type": 10, "object_id": "1", "object_repr": "2023-08-01 14:21:34.102129+00:00", "action_flag": 2, "change_message": "[{\"changed\": {\"fields\": [\"Slug\"]}}]"}}, {"model": "admin.logentry", "pk": 23, "fields": {"action_time": "2023-08-02T17:07:49.336Z", "user": 1, "content_type": 10, "object_id": "29", "object_repr": "2023-08-02 17:04:41.202499+00:00", "action_flag": 3, "change_message": ""}}, {"model": "admin.logentry", "pk": 24, "fields": {"action_time": "2023-08-02T17:07:49.351Z", "user": 1, "content_type": 10, "object_id": "28", "object_repr": "2023-08-02 16:59:52.848366+00:00", "action_flag": 3, "change_message": ""}}, {"model": "admin.logentry", "pk": 25, "fields": {"action_time": "2023-08-02T17:07:49.359Z", "user": 1, "content_type": 10, "object_id": "27", "object_repr": "2023-08-02 16:58:42.253663+00:00", "action_flag": 3, "change_message": ""}}, {"model": "admin.logentry", "pk": 26, "fields": {"action_time": "2023-08-02T17:07:49.367Z", "user": 1, "content_type": 10, "object_id": "26", "object_repr": "2023-08-02 16:56:12.853835+00:00", "action_flag": 3, "change_message": ""}}, {"model": "admin.logentry", "pk": 27, "fields": {"action_time": "2023-08-02T17:07:49.439Z", "user": 1, "content_type": 10, "object_id": "25", "object_repr": "2023-08-02 16:52:34.340293+00:00", "action_flag": 3, "change_message": ""}}, {"model": "admin.logentry", "pk": 28, "fields": {"action_time": "2023-08-02T17:07:49.453Z", "user": 1, "content_type": 10, "object_id": "24", "object_repr": "2023-08-02 16:51:18.348771+00:00", "action_flag": 3, "change_message": ""}}, {"model": "admin.logentry", "pk": 29, "fields": {"action_time": "2023-08-02T17:07:49.467Z", "user": 1, "content_type": 10, "object_id": "23", "object_repr": "2023-08-02 16:49:16.032683+00:00", "action_flag": 3, "change_message": ""}}, {"model": "admin.logentry", "pk": 30, "fields": {"action_time": "2023-08-02T17:07:49.482Z", "user": 1, "content_type": 10, "object_id": "22", "object_repr": "2023-08-02 16:44:39.630362+00:00", "action_flag": 3, "change_message": ""}}, {"model": "admin.logentry", "pk": 31, "fields": {"action_time": "2023-08-02T17:07:49.495Z", "user": 1, "content_type": 10, "object_id": "21", "object_repr": "2023-08-02 16:39:26.722255+00:00", "action_flag": 3, "change_message": ""}}, {"model": "admin.logentry", "pk": 32, "fields": {"action_time": "2023-08-02T17:07:49.511Z", "user": 1, "content_type": 10, "object_id": "20", "object_repr": "2023-08-02 16:37:53.878228+00:00", "action_flag": 3, "change_message": ""}}, {"model": "admin.logentry", "pk": 33, "fields": {"action_time": "2023-08-02T17:07:49.525Z", "user": 1, "content_type": 10, "object_id": "19", "object_repr": "2023-08-02 16:34:24.402911+00:00", "action_flag": 3, "change_message": ""}}, {"model": "admin.logentry", "pk": 34, "fields": {"action_time": "2023-08-02T17:07:49.541Z", "user": 1, "content_type": 10, "object_id": "18", "object_repr": "2023-08-02 16:32:55.674034+00:00", "action_flag": 3, "change_message": ""}}, {"model": "admin.logentry", "pk": 35, "fields": {"action_time": "2023-08-02T17:07:49.559Z", "user": 1, "content_type": 10, "object_id": "17", "object_repr": "2023-08-02 16:32:37.543016+00:00", "action_flag": 3, "change_message": ""}}, {"model": "admin.logentry", "pk": 36, "fields": {"action_time": "2024-01-16T13:00:34.736Z", "user": 5, "content_type": 6, "object_id": "10", "object_repr": "Hospital Bed Electric Bed Manual Hospital Bed Medical Equipment", "action_flag": 2, "change_message": "[{\"changed\": {\"fields\": [\"Slug\", \"Is featured\"]}}]"}}, {"model": "admin.logentry", "pk": 37, "fields": {"action_time": "2024-01-16T13:00:48.425Z", "user": 5, "content_type": 6, "object_id": "7", "object_repr": "Trumpf Jupiter Electric Operating Table with Trolley Transfer", "action_flag": 2, "change_message": "[{\"changed\": {\"fields\": [\"Slug\", \"Is featured\"]}}]"}}, {"model": "admin.logentry", "pk": 38, "fields": {"action_time": "2024-01-16T13:01:41.746Z", "user": 5, "content_type": 6, "object_id": "9", "object_repr": "Surgery Equipment Veterinary Anasthesia Machine icu Medical Equipment Medical Hospital Operative equipments", "action_flag": 2, "change_message": "[{\"changed\": {\"fields\": [\"Slug\", \"Is featured\"]}}]"}}, {"model": "auth.permission", "pk": 1, "fields": {"name": "Can add log entry", "content_type": 1, "codename": "add_logentry"}}, {"model": "auth.permission", "pk": 2, "fields": {"name": "Can change log entry", "content_type": 1, "codename": "change_logentry"}}, {"model": "auth.permission", "pk": 3, "fields": {"name": "Can delete log entry", "content_type": 1, "codename": "delete_logentry"}}, {"model": "auth.permission", "pk": 4, "fields": {"name": "Can view log entry", "content_type": 1, "codename": "view_logentry"}}, {"model": "auth.permission", "pk": 5, "fields": {"name": "Can add permission", "content_type": 2, "codename": "add_permission"}}, {"model": "auth.permission", "pk": 6, "fields": {"name": "Can change permission", "content_type": 2, "codename": "change_permission"}}, {"model": "auth.permission", "pk": 7, "fields": {"name": "Can delete permission", "content_type": 2, "codename": "delete_permission"}}, {"model": "auth.permission", "pk": 8, "fields": {"name": "Can view permission", "content_type": 2, "codename": "view_permission"}}, {"model": "auth.permission", "pk": 9, "fields": {"name": "Can add group", "content_type": 3, "codename": "add_group"}}, {"model": "auth.permission", "pk": 10, "fields": {"name": "Can change group", "content_type": 3, "codename": "change_group"}}, {"model": "auth.permission", "pk": 11, "fields": {"name": "Can delete group", "content_type": 3, "codename": "delete_group"}}, {"model": "auth.permission", "pk": 12, "fields": {"name": "Can view group", "content_type": 3, "codename": "view_group"}}, {"model": "auth.permission", "pk": 13, "fields": {"name": "Can add content type", "content_type": 4, "codename": "add_contenttype"}}, {"model": "auth.permission", "pk": 14, "fields": {"name": "Can change content type", "content_type": 4, "codename": "change_contenttype"}}, {"model": "auth.permission", "pk": 15, "fields": {"name": "Can delete content type", "content_type": 4, "codename": "delete_contenttype"}}, {"model": "auth.permission", "pk": 16, "fields": {"name": "Can view content type", "content_type": 4, "codename": "view_contenttype"}}, {"model": "auth.permission", "pk": 17, "fields": {"name": "Can add session", "content_type": 5, "codename": "add_session"}}, {"model": "auth.permission", "pk": 18, "fields": {"name": "Can change session", "content_type": 5, "codename": "change_session"}}, {"model": "auth.permission", "pk": 19, "fields": {"name": "Can delete session", "content_type": 5, "codename": "delete_session"}}, {"model": "auth.permission", "pk": 20, "fields": {"name": "Can view session", "content_type": 5, "codename": "view_session"}}, {"model": "auth.permission", "pk": 21, "fields": {"name": "Can add product", "content_type": 6, "codename": "add_product"}}, {"model": "auth.permission", "pk": 22, "fields": {"name": "Can change product", "content_type": 6, "codename": "change_product"}}, {"model": "auth.permission", "pk": 23, "fields": {"name": "Can delete product", "content_type": 6, "codename": "delete_product"}}, {"model": "auth.permission", "pk": 24, "fields": {"name": "Can view product", "content_type": 6, "codename": "view_product"}}, {"model": "auth.permission", "pk": 25, "fields": {"name": "Can add media", "content_type": 7, "codename": "add_media"}}, {"model": "auth.permission", "pk": 26, "fields": {"name": "Can change media", "content_type": 7, "codename": "change_media"}}, {"model": "auth.permission", "pk": 27, "fields": {"name": "Can delete media", "content_type": 7, "codename": "delete_media"}}, {"model": "auth.permission", "pk": 28, "fields": {"name": "Can view media", "content_type": 7, "codename": "view_media"}}, {"model": "auth.permission", "pk": 29, "fields": {"name": "Can add My Client", "content_type": 8, "codename": "add_myclient"}}, {"model": "auth.permission", "pk": 30, "fields": {"name": "Can change My Client", "content_type": 8, "codename": "change_myclient"}}, {"model": "auth.permission", "pk": 31, "fields": {"name": "Can delete My Client", "content_type": 8, "codename": "delete_myclient"}}, {"model": "auth.permission", "pk": 32, "fields": {"name": "Can view My Client", "content_type": 8, "codename": "view_myclient"}}, {"model": "auth.permission", "pk": 33, "fields": {"name": "Can add Accounts", "content_type": 9, "codename": "add_customer"}}, {"model": "auth.permission", "pk": 34, "fields": {"name": "Can change Accounts", "content_type": 9, "codename": "change_customer"}}, {"model": "auth.permission", "pk": 35, "fields": {"name": "Can delete Accounts", "content_type": 9, "codename": "delete_customer"}}, {"model": "auth.permission", "pk": 36, "fields": {"name": "Can view Accounts", "content_type": 9, "codename": "view_customer"}}, {"model": "auth.permission", "pk": 37, "fields": {"name": "Can add order", "content_type": 10, "codename": "add_order"}}, {"model": "auth.permission", "pk": 38, "fields": {"name": "Can change order", "content_type": 10, "codename": "change_order"}}, {"model": "auth.permission", "pk": 39, "fields": {"name": "Can delete order", "content_type": 10, "codename": "delete_order"}}, {"model": "auth.permission", "pk": 40, "fields": {"name": "Can view order", "content_type": 10, "codename": "view_order"}}, {"model": "auth.permission", "pk": 41, "fields": {"name": "Can add order item", "content_type": 11, "codename": "add_orderitem"}}, {"model": "auth.permission", "pk": 42, "fields": {"name": "Can change order item", "content_type": 11, "codename": "change_orderitem"}}, {"model": "auth.permission", "pk": 43, "fields": {"name": "Can delete order item", "content_type": 11, "codename": "delete_orderitem"}}, {"model": "auth.permission", "pk": 44, "fields": {"name": "Can view order item", "content_type": 11, "codename": "view_orderitem"}}, {"model": "contenttypes.contenttype", "pk": 1, "fields": {"app_label": "admin", "model": "logentry"}}, {"model": "contenttypes.contenttype", "pk": 2, "fields": {"app_label": "auth", "model": "permission"}}, {"model": "contenttypes.contenttype", "pk": 3, "fields": {"app_label": "auth", "model": "group"}}, {"model": "contenttypes.contenttype", "pk": 4, "fields": {"app_label": "contenttypes", "model": "contenttype"}}, {"model": "contenttypes.contenttype", "pk": 5, "fields": {"app_label": "sessions", "model": "session"}}, {"model": "contenttypes.contenttype", "pk": 6, "fields": {"app_label": "store", "model": "product"}}, {"model": "contenttypes.contenttype", "pk": 7, "fields": {"app_label": "store", "model": "media"}}, {"model": "contenttypes.contenttype", "pk": 8, "fields": {"app_label": "account", "model": "myclient"}}, {"model": "contenttypes.contenttype", "pk": 9, "fields": {"app_label": "account", "model": "customer"}}, {"model": "contenttypes.contenttype", "pk": 10, "fields": {"app_label": "orders", "model": "order"}}, {"model": "contenttypes.contenttype", "pk": 11, "fields": {"app_label": "orders", "model": "orderitem"}}, {"model": "sessions.session", "pk": "3hhznkqvxt4ipodli7f2g5zyi7lvli7x", "fields": {"session_data": "eyJnYmJhc2tldCI6e319:1rPhti:V4tihHzX6Mt-YlXEnnE2McZRBvfY-GmGyVCAvTz_two", "expire_date": "2024-01-30T11:46:26.731Z"}}, {"model": "sessions.session", "pk": "4vuhiahimcihqjyqhgw27naosjzw9xaq", "fields": {"session_data": "eyJnYmJhc2tldCI6e319:1qQwEp:gJVqEK0dFK6U3AQ7uiLbWxv4OfstNGAaFjyOmkbbV7s", "expire_date": "2023-08-15T20:45:03.085Z"}}, {"model": "sessions.session", "pk": "81km5rdprnzzrc093lpfrv6uo04wsm6e", "fields": {"session_data": "eyJnYmJhc2tldCI6e319:1rIpOR:cRAmfA-BIDBESqZTptBmNKf3aDFmMiYLaLWg-frzFdY", "expire_date": "2024-01-11T12:21:43.002Z"}}, {"model": "sessions.session", "pk": "89vxcifh3huro65iuaotkhqhdci4rn8x", "fields": {"session_data": "eyJnYmJhc2tldCI6e319:1rPgej:D47L13brzAsdX3G90yNUhoGhialduZX6LhmGbyvFGEU", "expire_date": "2024-01-30T10:26:53.123Z"}}, {"model": "sessions.session", "pk": "e4zwdwijuosmosu5yx82kc4k68su0mj4", "fields": {"session_data": ".eJxVjDsOhDAMBe_iehVlSZxIlNvvGZAdm8-yAomECnF3QKKhfTPzNuiYKY9aoN72FzS0lr5Zsy7NIFADwmNjSqNOF5AfTd1s0jyVZWBzKeam2Xxn0f_ndh8HPeX-rG0bUkrBo1oSiVWQwMRJg0PrA9o3qbfRVewVyaH36rSNhKdWOaEI-wFlfT0w:1rPiOJ:VMHjogwv6rgTHXqo8vr81Avo2ErDy4e86dWNyEvHR1U", "expire_date": "2024-01-30T12:18:03.321Z"}}, {"model": "sessions.session", "pk": "ehyz4hvlz67kchg3h3kvg2tgk0bmk4i2", "fields": {"session_data": "eyJnYmJhc2tldCI6e319:1qQwEx:2JiomhWyvbLcp6T00zPbfy9qvt5HWeg2PSF_NpaxS2c", "expire_date": "2023-08-15T20:45:11.654Z"}}, {"model": "sessions.session", "pk": "jmlgpsfzgp8rrum5h1ig17wc9umq6cvd", "fields": {"session_data": "e30:1qQnOj:WJa33Nlgl-bWEfF7c5V7WVEjxOObA20Yye-aReoJyzw", "expire_date": "2023-08-15T11:18:41.074Z"}}, {"model": "sessions.session", "pk": "jyijvakmexln53da6ug8i8wmpua662py", "fields": {"session_data": "eyJnYmJhc2tldCI6e319:1rIpEs:0nu8XbuEXy02ka-yg4Yt31J-f27LxeOaNpFu8krbV0Y", "expire_date": "2024-01-11T12:11:50.687Z"}}, {"model": "sessions.session", "pk": "rlb6jjfle4c6hdwhe0iohc4fqcrbx5yc", "fields": {"session_data": ".eJxVjDsOgzAQBe_iOrJsYy8OZXrOYO2yyydEIGGoEHcPSBRJOzPv7SrhtvZpy7KkgVWlrHr8MsJmlOkS_Mapm3UzT-sykL4Sfdus65nl87rbv4Mec3-uTdEWIbZUWClBJERoBaJFx8TlkwywAe-jMyf3JE4C2xghgDToyZnztCPCPMqqqv04vhEvPMA:1qRGNp:PHYbGZl_7PdaCHpmKEGppLkSxF_yThYj0zvQdqs_wiE", "expire_date": "2023-08-16T18:15:41.049Z"}}, {"model": "sessions.session", "pk": "wfpdrunedhurbcvkvzy8gsc155xu83cu", "fields": {"session_data": "eyJnYmJhc2tldCI6e319:1qQwDR:Bd2jL2ZZQng_BVVaJdE0UgZjzHqDmnKwNldnClSgeyI", "expire_date": "2023-08-15T20:43:37.394Z"}}, {"model": "sessions.session", "pk": "x7h1whqahiv0bevc59k4glstmnumoio6", "fields": {"session_data": "eyJnYmJhc2tldCI6e319:1qQwHm:S90X8V8eYZw2bp3kWNnxQIiRrRzZIwW14XvjT3OFHBs", "expire_date": "2023-08-15T20:48:06.294Z"}}, {"model": "sessions.session", "pk": "yl7mvystpt5whn3ld20m4ub5t4pf743c", "fields": {"session_data": "eyJnYmJhc2tldCI6e319:1qQzcI:N1fJD6SYm197Z-V-NP0FJFeeCBnoDIihex_cK1JTYKM", "expire_date": "2023-08-16T00:21:30.389Z"}}, {"model": "store.product", "pk": 1, "fields": {"title": "GE Vivid S6 Cardiac Ultrasound", "description": "GE Vivid S6 Cardiac Ultrasound -  with 1 M4S RS cardiac prrobe, 1 9LRS linear probe and 1 Sony UP-D897 printer.\r\n3 active probe ports\r\n17\" LCD monitor\r\nOptimized space requirement\r\nAnatomical M mode\r\nArchitecture TruScan (TruAccess, SmartScan, ComfortScan)\r\nCoded phase inversion (CPI)\r\nSpeckle Reduction Imaging (SRI)", "price": "25000.00", "slug": "ge-vivid-s6-cardiac-ultrasound", "is_featured": true, "created": "2023-07-31T14:04:29.549Z", "updated": "2023-08-01T09:31:20.684Z"}}, {"model": "store.product", "pk": 7, "fields": {"title": "Trumpf Jupiter Electric Operating Table with Trolley Transfer", "description": "Trumpf Jupiter Electric Operating Table with Trolley Transfer\r\n\r\nRemote controlled Trumpf Jupiter operating table with its transfer trolley.\r\n\r\nFully electric, backrest tilt, leg tilt, translation, Trendelenburg and Trendelenburg, longitudinal axis rotation.\r\n\r\nTable in excellent condition, supplied with its charger, wireless remote control with its charger.", "price": "79000.00", "slug": "trumpf-jupiter-table-with-trolley-transfer", "is_featured": true, "created": "2024-01-16T12:23:20.579Z", "updated": "2024-01-16T13:00:48.424Z"}}, {"model": "store.product", "pk": 8, "fields": {"title": "Drager Primus Anesthesia Ventilator with MP70 Monitor", "description": "Drager Primus Anesthesia Ventilator\r\n\r\nSupplied with Philips MP70 Anasthesia Monitor (Halogen gas tank and patient tubing on request as option)\r\n\r\nSold without accessories or consumables, only what is on the pictures\r\n\r\nSupplied with O2, Air and N2O flexibles\r\n\r\nThe Dräger Primus was designed to be your personal assistant for anesthesi", "price": "173000.00", "slug": "drager-primus-anesthesia-ventilator-with-mp70-monitor", "is_featured": false, "created": "2024-01-16T12:25:25.091Z", "updated": "2024-01-16T12:25:25.186Z"}}, {"model": "store.product", "pk": 9, "fields": {"title": "Surgery Equipment Veterinary Anasthesia Machine icu Medical Equipment Medical Hospital Operative equipments", "description": "Brand Name\tHRD\r\nModel Number\tGSM-IIB\r\nPower Source\tElectric\r\nMaterial\tMetal, Plastic, Steel\r\nShelf Life\t3 years\r\nQuality Certification\tCE\r\nInstrument classification\tClass III\r\nSafety standard\tMFDS\r\nProduct Name\tAnesthesia machine\r\nApplication\tSurgical Operating Room\r\nApply For\tAdult,Child\r\nDisplay\t10.4 inch TFT LCD Display\r\nOxygen Flush\t35~75 L/Min\r\nOEM/ODM\tAvailable\r\nMOQ\t1 Set\r\nVaporizer\tSupply One Vaporizer\r\nG.W.\t80KG+40KG\r\nPacking Size\t82x71x92cm,70x60x76cm", "price": "329000.00", "slug": "surgery-medical-hospital-operative-equip", "is_featured": true, "created": "2024-01-16T12:37:47.497Z", "updated": "2024-01-16T13:01:41.744Z"}}, {"model": "store.product", "pk": 10, "fields": {"title": "Hospital Bed Electric Bed Manual Hospital Bed Medical Equipment", "description": "Brand Name\tyuannuo\r\nPlace of Origin\tHebei, China\r\nModel Number\tSupport customization\r\nProduct Name\tManual Hospital Bed\r\nMaterial\tStainless Steel\r\nFunction\t2 Functions\r\nAdvantage\t24 Hours Service\r\nType\tHospital Furniture Care Bed", "price": "19500.00", "slug": "hospital-bed-electric-bed-medical-equipment", "is_featured": true, "created": "2024-01-16T12:40:28.583Z", "updated": "2024-01-16T13:00:34.734Z"}}, {"model": "store.product", "pk": 11, "fields": {"title": "Oxigen Generator Portable Medical Equipment Low Noise Precision Medical Oxigeno", "description": "Instrument classification\tClass III\r\nBrand Name\tDR.HUGO\r\nModel Number\tDR-OC-04\r\nProduct Name\tOksijen konsantratoru\r\nPrinciple\tsupply pure oxygen for patient at home or in hospital\r\nCertificate\tCE\r\nUsage\tProfessional use and household using\r\nApplication\thospital, clinic, family oxygen bar sporting center\r\nFlow Range\t6-10L/1-5L\r\nOxygen Purity\t95%±3%\r\nMOQ\t10pcs\r\nKeywords\tMaganin Oxygen\r\nName\tConcentrador de oxigenio", "price": "39000.00", "slug": "oxigen-generator-portable-medical-equipment-low-noise-precision-medical-oxigeno", "is_featured": false, "created": "2024-01-16T12:46:00.221Z", "updated": "2024-01-16T12:46:00.312Z"}}, {"model": "store.product", "pk": 12, "fields": {"title": "Disease screening,sub-health analyzer medical equipment", "description": "Instrument classification\tClass II\r\nBrand Name\tHSAP\r\nModel Number\tHRA-I\r\nType\tPathological Analysis Equipments\r\nColor\tWhite+Blue\r\nProduct name\tHealth risk appraisal system\r\nItem Name\tHRA-I\r\nSize\t4500*2000*2700(length*width*height)\r\nKeywords\tHealth risk appraisal\r\nMeasurement range\thuman body\r\nAdvantage\tDo Not Need Empty Stomach\r\nUse\tearly screening of diseases\r\nWarranty\t1 Yea", "price": "789000.00", "slug": "disease-screeningsub-health-analyzer-medical-equipment", "is_featured": false, "created": "2024-01-16T12:51:43.156Z", "updated": "2024-01-16T12:51:43.240Z"}}, {"model": "store.product", "pk": 13, "fields": {"title": "THR-USK12 Medical Equipment Mobile 3D 4D Color Doppler Ultrasound Scanner", "description": "Brand Name\tTHR\r\nModel Number\tTHR-USK12\r\nPower Source\tElectric\r\nMaterial\tMetal, Plastic\r\nShelf Life\t1year\r\nQuality Certification\tCE\r\nInstrument classification\tClass II\r\nSafety standard\tNone\r\nProduct name\tFull Digital Color Doppler Ultrasound\r\nDisplay\t15 inch LCD monitor\r\nImaging mode\tB, 2B, 4B, B/M, M, B/C, B/C/D, B/D, duplex, triplex, PW\r\nSystem language\tChinese, English, Spanish, Russian, French\r\nApplication\tOB,GYN,Urology,Vascular,MSK and so on.\r\nSize\t579.1 * 710.69 * 1220.33mm\r\nInput/output ports\tUSB Ports,Video Port, LAN Port\r\nPower supply\tAC220V±22V , 50/60Hz\r\nOptions\t6.5Mhz Transvaginal Probe, Printers\r\nProbe elements\t128", "price": "234000.00", "slug": "thr-usk12-medical-equipment-mobile-3d-4d-color-doppler-ultrasound-scanner", "is_featured": false, "created": "2024-01-16T12:59:48.410Z", "updated": "2024-01-16T12:59:48.625Z"}}, {"model": "store.media", "pk": 1, "fields": {"product": 1, "image": "product_images/p1-1.jpg", "is_top": true}}, {"model": "store.media", "pk": 2, "fields": {"product": 1, "image": "product_images/p1-2.jpg", "is_top": false}}, {"model": "store.media", "pk": 3, "fields": {"product": 1, "image": "product_images/p1-3.jpg", "is_top": false}}, {"model": "store.media", "pk": 4, "fields": {"product": 1, "image": "product_images/p1-3_P6JgwIH.jpg", "is_top": false}}, {"model": "store.media", "pk": 5, "fields": {"product": 1, "image": "product_images/p1-4.jpg", "is_top": false}}, {"model": "store.media", "pk": 6, "fields": {"product": 1, "image": "product_images/p1-5.jpg", "is_top": false}}, {"model": "store.media", "pk": 7, "fields": {"product": 1, "image": "product_images/p1-6.jpg", "is_top": false}}, {"model": "store.media", "pk": 13, "fields": {"product": 7, "image": "product_images/1.jpg", "is_top": true}}, {"model": "store.media", "pk": 14, "fields": {"product": 7, "image": "product_images/2.jpg", "is_top": false}}, {"model": "store.media", "pk": 15, "fields": {"product": 7, "image": "product_images/3.jpg", "is_top": false}}, {"model": "store.media", "pk": 16, "fields": {"product": 7, "image": "product_images/4.jpg", "is_top": false}}, {"model": "store.media", "pk": 17, "fields": {"product": 7, "image": "product_images/5.jpg", "is_top": false}}, {"model": "store.media", "pk": 18, "fields": {"product": 8, "image": "product_images/1_CqJ9iYr.jpg", "is_top": true}}, {"model": "store.media", "pk": 19, "fields": {"product": 8, "image": "product_images/2_2F2Ke6z.jpg", "is_top": false}}, {"model": "store.media", "pk": 20, "fields": {"product": 8, "image": "product_images/3_tOPa22e.jpg", "is_top": false}}, {"model": "store.media", "pk": 21, "fields": {"product": 8, "image": "product_images/4_mZt8B7X.jpg", "is_top": false}}, {"model": "store.media", "pk": 22, "fields": {"product": 8, "image": "product_images/5_2SqFbhW.jpg", "is_top": false}}, {"model": "store.media", "pk": 23, "fields": {"product": 9, "image": "product_images/11.webp", "is_top": true}}, {"model": "store.media", "pk": 24, "fields": {"product": 9, "image": "product_images/22.webp", "is_top": false}}, {"model": "store.media", "pk": 25, "fields": {"product": 9, "image": "product_images/33.webp", "is_top": false}}, {"model": "store.media", "pk": 26, "fields": {"product": 9, "image": "product_images/44.webp", "is_top": false}}, {"model": "store.media", "pk": 27, "fields": {"product": 9, "image": "product_images/55.webp", "is_top": false}}, {"model": "store.media", "pk": 28, "fields": {"product": 10, "image": "product_images/11_pVrh4fz.webp", "is_top": true}}, {"model": "store.media", "pk": 29, "fields": {"product": 10, "image": "product_images/22_v5PpqfH.webp", "is_top": false}}, {"model": "store.media", "pk": 30, "fields": {"product": 10, "image": "product_images/33_7vmSXa6.webp", "is_top": false}}, {"model": "store.media", "pk": 31, "fields": {"product": 10, "image": "product_images/44_BvDfDaq.webp", "is_top": false}}, {"model": "store.media", "pk": 32, "fields": {"product": 10, "image": "product_images/55_2o3vmFQ.webp", "is_top": false}}, {"model": "store.media", "pk": 33, "fields": {"product": 11, "image": "product_images/11_2cOru89.webp", "is_top": true}}, {"model": "store.media", "pk": 34, "fields": {"product": 11, "image": "product_images/22_PoNUUWH.webp", "is_top": false}}, {"model": "store.media", "pk": 35, "fields": {"product": 11, "image": "product_images/33_R7qvvYu.webp", "is_top": false}}, {"model": "store.media", "pk": 36, "fields": {"product": 11, "image": "product_images/44_CMpU9oL.webp", "is_top": false}}, {"model": "store.media", "pk": 37, "fields": {"product": 11, "image": "product_images/55_vtGkpr6.webp", "is_top": false}}, {"model": "store.media", "pk": 38, "fields": {"product": 12, "image": "product_images/11_wBNOUjV.webp", "is_top": true}}, {"model": "store.media", "pk": 39, "fields": {"product": 12, "image": "product_images/22_ERQuIvt.webp", "is_top": false}}, {"model": "store.media", "pk": 40, "fields": {"product": 12, "image": "product_images/33_BUo0zEE.webp", "is_top": false}}, {"model": "store.media", "pk": 41, "fields": {"product": 12, "image": "product_images/44_g8il5vE.webp", "is_top": false}}, {"model": "store.media", "pk": 42, "fields": {"product": 12, "image": "product_images/55_leXbfzg.webp", "is_top": false}}, {"model": "store.media", "pk": 43, "fields": {"product": 13, "image": "product_images/11_XdKR840.webp", "is_top": true}}, {"model": "store.media", "pk": 44, "fields": {"product": 13, "image": "product_images/22_DRBeFBd.webp", "is_top": false}}, {"model": "store.media", "pk": 45, "fields": {"product": 13, "image": "product_images/33_XpWaJDC.webp", "is_top": false}}, {"model": "store.media", "pk": 46, "fields": {"product": 13, "image": "product_images/44_gmUdst7.webp", "is_top": false}}, {"model": "store.media", "pk": 47, "fields": {"product": 13, "image": "product_images/55_6wBhtPC.webp", "is_top": false}}, {"model": "account.customer", "pk": 1, "fields": {"password": "pbkdf2_sha256$600000$tcqxJkf7pVHeXREY7Vulj3$tPTdU4wXYXsuoqzu1V3+4k9WnZDkrLrQHoRErot/hos=", "last_login": "2024-01-16T12:10:59.866Z", "is_superuser": true, "email": "admin@admin.com", "full_name": "Admin Admin", "is_active": true, "is_staff": true, "country": "Adminca", "created": "2023-07-31T13:58:45.609Z", "groups": [], "user_permissions": []}}, {"model": "account.customer", "pk": 3, "fields": {"password": "pbkdf2_sha256$600000$qTgcUFbEsiA3FRGMNsNaZk$rVnH294YMhHPKAjERrED88pSdZw4DIkwaQUv2sAdmyg=", "last_login": "2023-08-01T14:39:59.972Z", "is_superuser": false, "email": "test@test.com", "full_name": "Mike Test", "is_active": true, "is_staff": false, "country": "Nigeria", "created": "2023-08-01T14:39:47.585Z", "groups": [], "user_permissions": []}}, {"model": "account.customer", "pk": 5, "fields": {"password": "pbkdf2_sha256$600000$GWHEarxbAodl1BMzSjwSzL$zk67po45Q8krns06HwkkMrzgopYFQ86pmWpyiIOmsWc=", "last_login": "2024-01-16T12:18:03.314Z", "is_superuser": true, "email": "admin@bluerevelleinc.com", "full_name": "", "is_active": true, "is_staff": true, "country": null, "created": "2024-01-16T12:14:55.070Z", "groups": [], "user_permissions": []}}, {"model": "account.myclient", "pk": 1, "fields": {"c_email": "tdkingzict@gmail.com", "c_full_name": "Michael Brown", "c_country": "USA", "c_city": "California", "c_address": null, "created": "2023-08-01T19:28:39.547Z"}}, {"model": "account.myclient", "pk": 2, "fields": {"c_email": "mike@test.com", "c_full_name": "Michael Brown", "c_country": "USA", "c_city": "California", "c_address": null, "created": "2023-08-01T21:33:18.014Z"}}, {"model": "account.myclient", "pk": 3, "fields": {"c_email": "mike@test.com", "c_full_name": "Mike Test", "c_country": "USA", "c_city": "California", "c_address": null, "created": "2023-08-01T21:48:40.348Z"}}, {"model": "account.myclient", "pk": 4, "fields": {"c_email": "test3@test.com", "c_full_name": "testmike", "c_country": "USA", "c_city": "California", "c_address": null, "created": "2023-08-01T22:07:59.558Z"}}, {"model": "account.myclient", "pk": 5, "fields": {"c_email": "tdkingzict@gmail.com", "c_full_name": "Michael Brown", "c_country": "USA", "c_city": "California", "c_address": null, "created": "2023-08-02T15:30:10.918Z"}}, {"model": "account.myclient", "pk": 6, "fields": {"c_email": "tdkingzict@gmail.com", "c_full_name": "Mike Test", "c_country": "USA", "c_city": "California", "c_address": null, "created": "2023-08-02T15:35:34.498Z"}}, {"model": "account.myclient", "pk": 7, "fields": {"c_email": "tdkingzict@gmail.com", "c_full_name": "Michael Brown", "c_country": "USA", "c_city": "California", "c_address": null, "created": "2023-08-02T15:39:12.609Z"}}, {"model": "account.myclient", "pk": 8, "fields": {"c_email": "mike@test.com", "c_full_name": "Mike Test", "c_country": "USA", "c_city": "California", "c_address": null, "created": "2023-08-02T15:45:38.843Z"}}, {"model": "account.myclient", "pk": 9, "fields": {"c_email": "tdkingzict@gmail.com", "c_full_name": "Mike Test", "c_country": "USA", "c_city": "California", "c_address": null, "created": "2023-08-02T15:58:19.466Z"}}, {"model": "account.myclient", "pk": 10, "fields": {"c_email": "tdkingzict@gmail.com", "c_full_name": "Mike Test", "c_country": "USA", "c_city": "California", "c_address": null, "created": "2023-08-02T16:15:54.235Z"}}, {"model": "account.myclient", "pk": 11, "fields": {"c_email": "tdkingzict@gmail.com", "c_full_name": "Michael Brown", "c_country": "USA", "c_city": "California", "c_address": null, "created": "2023-08-02T16:20:45.617Z"}}, {"model": "account.myclient", "pk": 12, "fields": {"c_email": "tdkingzict@gmail.com", "c_full_name": "Michael Brown", "c_country": "USA", "c_city": "California", "c_address": null, "created": "2023-08-02T16:29:12.130Z"}}, {"model": "account.myclient", "pk": 13, "fields": {"c_email": "tdkingzict@gmail.com", "c_full_name": "Mike Test", "c_country": "USA", "c_city": "California", "c_address": null, "created": "2023-08-02T16:32:09.701Z"}}, {"model": "account.myclient", "pk": 14, "fields": {"c_email": "tdkingzict@gmail.com", "c_full_name": "Mike Test", "c_country": "USA", "c_city": "California", "c_address": null, "created": "2023-08-02T16:32:37.532Z"}}, {"model": "account.myclient", "pk": 15, "fields": {"c_email": "tdkingzict@gmail.com", "c_full_name": "Mike Test", "c_country": null, "c_city": "California", "c_address": null, "created": "2023-08-02T16:32:55.665Z"}}, {"model": "account.myclient", "pk": 16, "fields": {"c_email": "tdkingzict@gmail.com", "c_full_name": "Michael Brown", "c_country": "USA", "c_city": "California", "c_address": null, "created": "2023-08-02T16:34:24.393Z"}}, {"model": "account.myclient", "pk": 17, "fields": {"c_email": "tdkingzict@gmail.com", "c_full_name": "Michael Brown", "c_country": "USA", "c_city": "California", "c_address": null, "created": "2023-08-02T16:37:53.870Z"}}, {"model": "account.myclient", "pk": 18, "fields": {"c_email": "tdkingzict@gmail.com", "c_full_name": "Mike Test", "c_country": "USA", "c_city": "California", "c_address": null, "created": "2023-08-02T16:39:26.712Z"}}, {"model": "account.myclient", "pk": 19, "fields": {"c_email": "tdkingzict@gmail.com", "c_full_name": "Michael Brown", "c_country": "USA", "c_city": null, "c_address": null, "created": "2023-08-02T16:44:39.616Z"}}, {"model": "account.myclient", "pk": 20, "fields": {"c_email": "tdkingzict@gmail.com", "c_full_name": "Michael Brown", "c_country": "USA", "c_city": "California", "c_address": null, "created": "2023-08-02T16:49:16.022Z"}}, {"model": "account.myclient", "pk": 21, "fields": {"c_email": "tdkingzict@gmail.com", "c_full_name": "Mike Test", "c_country": null, "c_city": "California", "c_address": null, "created": "2023-08-02T16:51:18.340Z"}}, {"model": "account.myclient", "pk": 22, "fields": {"c_email": "tdkingzict@gmail.com", "c_full_name": "Michael Brown", "c_country": "USA", "c_city": "California", "c_address": null, "created": "2023-08-02T16:52:34.329Z"}}, {"model": "account.myclient", "pk": 23, "fields": {"c_email": "tdkingzict@gmail.com", "c_full_name": "Michael Brown", "c_country": "USA", "c_city": "California", "c_address": null, "created": "2023-08-02T16:56:12.843Z"}}, {"model": "account.myclient", "pk": 24, "fields": {"c_email": "tdkingzict@gmail.com", "c_full_name": "Michael Brown", "c_country": "USA", "c_city": "California", "c_address": null, "created": "2023-08-02T16:58:42.242Z"}}, {"model": "account.myclient", "pk": 25, "fields": {"c_email": "tdkingzict@gmail.com", "c_full_name": "Michael Brown", "c_country": null, "c_city": "California", "c_address": null, "created": "2023-08-02T16:59:52.838Z"}}, {"model": "account.myclient", "pk": 26, "fields": {"c_email": "tdkingzict@gmail.com", "c_full_name": "Michael Brown", "c_country": "USA", "c_city": "California", "c_address": null, "created": "2023-08-02T17:04:41.191Z"}}, {"model": "account.myclient", "pk": 27, "fields": {"c_email": "tdkingzict@gmail.com", "c_full_name": "Michael Brown", "c_country": "USA", "c_city": "California", "c_address": null, "created": "2023-08-02T17:08:12.611Z"}}, {"model": "account.myclient", "pk": 28, "fields": {"c_email": "tdkingzict@gmail.com", "c_full_name": "Michael Brown", "c_country": "USA", "c_city": "California", "c_address": null, "created": "2023-08-02T17:57:23.397Z"}}, {"model": "account.myclient", "pk": 29, "fields": {"c_email": "tdkingzict@gmail.com", "c_full_name": "Michael Brown", "c_country": "USA", "c_city": "California", "c_address": null, "created": "2023-08-02T18:15:32.704Z"}}, {"model": "orders.order", "pk": 1, "fields": {"user": 1, "email": "admin@admin.com", "full_name": "Admin Admin", "city": "Lagos", "country": "Nigeria", "post_code": null, "created": "2023-08-01T14:21:34.102Z", "total": "20000.00", "paid": "2000.00", "sub_total": "30000.00", "order_key": "BR-ID-iyL5rdC91INC", "status": "Stopped by custom", "slug": "admin-admin-admin", "shipping_price": "0.00"}}, {"model": "orders.order", "pk": 4, "fields": {"user": 1, "email": "tdkingzict@gmail.com", "full_name": "Michael Brown", "city": "California", "country": "USA", "post_code": null, "created": "2023-08-01T19:28:39.627Z", "total": "25000.00", "paid": "0.00", "sub_total": "25000.00", "order_key": "BR-CH2B2DIMKM4-INC", "status": "Shipping in Progress", "slug": "michael-brown", "shipping_price": "0.00"}}, {"model": "orders.order", "pk": 31, "fields": {"user": 1, "email": "tdkingzict@gmail.com", "full_name": "Michael Brown", "city": "California", "country": "USA", "post_code": null, "created": "2023-08-02T17:57:23.406Z", "total": "41000.00", "paid": "0.00", "sub_total": "30000.00", "order_key": "BR-N2W8OFFYM331-INC", "status": "Pending, awaiting payment", "slug": "cddv9a1but-michael-brown-usa-california", "shipping_price": "0.00"}}, {"model": "orders.order", "pk": 32, "fields": {"user": 1, "email": "tdkingzict@gmail.com", "full_name": "Michael Brown", "city": "California", "country": "USA", "post_code": null, "created": "2023-08-02T18:15:32.716Z", "total": "41000.00", "paid": "0.00", "sub_total": "30000.00", "order_key": "BR-06P2T4SAPT32-INC", "status": "Pending, awaiting payment", "slug": "w4v4kpx0pm-michael-brown-usa-california", "shipping_price": "11000.00"}}, {"model": "orders.orderitem", "pk": 1, "fields": {"order": 1, "product": 1, "price": "30000.00", "quantity": 1}}, {"model": "orders.orderitem", "pk": 3, "fields": {"order": 4, "product": 1, "price": "25000.00", "quantity": 1}}, {"model": "orders.orderitem", "pk": 30, "fields": {"order": 31, "product": 1, "price": "25000.00", "quantity": 1}}, {"model": "orders.orderitem", "pk": 32, "fields": {"order": 32, "product": 1, "price": "25000.00", "quantity": 1}}]